Datum;Tid;Hemma;Borta;Ishall
11-jun;18:00;SHC A-lag;Vallentuna;Qyloq Arena
11-jun;19:00;U20 H Nationell;Väsby;Qyloq Arena
12-jun;20:00;U18H;Arlanda;Qyloq Arena
13-jun;21:00;U16;Wings;Qyloq Arena
13-jun;21:00;U16;Wings;Qyloq Arena
13-jun;21:00;U16;Wings;Qyloq Arena
13-jun;21:00;U16;Wings;Qyloq Arena
13-jun;21:00;U16;Wings;Qyloq Arena
13-jun;21:00;U16;Wings;Qyloq Arena
14-jun;18:00;SHC A-lag;Vallentuna;Qyloq Arena
14-jun;19:00;U20 H Nationell;Väsby;Qyloq Arena
14-jun;20:00;U18H;Arlanda;Qyloq Arena
14-jun;21:00;U16;Wings;Qyloq Arena
143-jun;21:00;U16;Wings;Qyloq Arena
14-jun;21:00;U16;Wings;Qyloq Arena
14-jun;21:00;U16;Wings;Qyloq Arena
15-jun;21:00;U16;Wings;Qyloq Arena
15-jun;21:00;U16;Wings;Qyloq Arena
