Speldatum;Tid;Veckodag;Matchnr;Omgång;Hemma;Borta;Arena;Serie;Resultat;Publik;Information
2026-10-04;11:00;Söndag;15822012;4;Flemingsbergs IK 1;Sollentuna HC 1;Visättra Ishall;U14P Blå grupp 3 [15822], Stockholms Ishockeyförbund ;4-3 (1-1, 3-2);;
2026-10-04;13:15;Söndag;95752014;3;IFK Tumba IK;Sollentuna HC;Ishuset;U18H Allettan Östra [95752];3-6 (0-1, 3-3, 0-2);;
2026-10-04;14:00;Söndag;90255146;15;Sollentuna HC;Asplöven Haparanda Hockey Förening;CYLOQ Arena;Hockeyettan Norra [90255];3-5 (2-2, 0-1, 1-2);130;
2026-10-04;15:30;Söndag;15810010;4;Eskilstuna Linden Hockey;Sollentuna HC 1;Smehallen;U15P Blå Grupp  2 [15810], Stockholms Ishockeyförbund ;2-7 (0-6, 2-1);;
2026-10-04;17:15;Söndag;15834022;6;Wings HC Arlanda;Sollentuna HC röd;Pinbackshallen (B);U13P Röd grupp 1 [15834], Stockholms Ishockeyförbund ;4-1 (2-0, 2-1);;
2026-10-04;21:00;Söndag;15975004;1;FOC Farsta IF;Sollentuna Late Bloomers;Farsta Ishall;RHL Herr Grupp B [15975], Stockholms Ishockeyförbund ;0-5 (0-0, 0-5);12;
2026-10-07;19:00;Onsdag;15830021;7;Sollentuna HC vit;AIK gul;CYLOQ Annex;U13P Blå grupp 1 [15830], Stockholms Ishockeyförbund ;;;
2026-10-08;19:00;Torsdag;15811020;7;TIG Hockey(SKI/THK/GIF);Sollentuna HC 2;Lindbergs Arena;U15P Röd Grupp 1 [15811], Stockholms Ishockeyförbund ;;;
2026-10-08;19:10;Torsdag;95752016;4;Sollentuna HC;Boo HC;CYLOQ Arena;U18H Allettan Östra [95752];;;
2026-10-09;19:00;Fredag;90255269;27;IF Sundsvall Hockey;Sollentuna HC;Brandcode Center ;Hockeyettan Norra [90255];;;
2026-10-09;20:00;Fredag;15834025;7;Sollentuna HC röd;AIK svart;CYLOQ Annex;U13P Röd grupp 1 [15834], Stockholms Ishockeyförbund ;;;
2026-10-09;20:00;Fredag;15945025;7;Sollentuna HC 2;Nacka HK 2;CYLOQ Arena;U14P Röd grupp 4 [15945], Stockholms Ishockeyförbund ;;;
2026-10-10;00:00;Lördag;15851152;5;Viggbyholms IK röd;Sollentuna HC blå;Stricct Travel Arena;U11P Grupp 2 [15851], Stockholms Ishockeyförbund ;;;
2026-10-10;08:05;Lördag;15850026;5;Sollentuna HC röd;Vallentuna Hockey gul;HCL Tech Arena;U11P Grupp 1 [15850], Stockholms Ishockeyförbund ;;;
2026-10-10;08:30;Lördag;15850027;5;Järfälla HC vit;Sollentuna HC röd;HCL Tech Arena;U11P Grupp 1 [15850], Stockholms Ishockeyförbund ;;;
2026-10-10;08:55;Lördag;15850030;5;IK Göta  blå;Sollentuna HC röd;HCL Tech Arena;U11P Grupp 1 [15850], Stockholms Ishockeyförbund ;;;
2026-10-10;10:00;Lördag;15834031;8;Järfälla HC röd;Sollentuna HC röd;Järfälla Ishall;U13P Röd grupp 1 [15834], Stockholms Ishockeyförbund ;;;
2026-10-10;14:00;Lördag;15822015;5;Sollentuna HC 1;Brinkens IF 1;CYLOQ Arena;U14P Blå grupp 3 [15822], Stockholms Ishockeyförbund ;;;
2026-10-10;15:30;Lördag;15830022;8;Sollentuna HC vit;Djurgårdens IF;CYLOQ Arena;U13P Blå grupp 1 [15830], Stockholms Ishockeyförbund ;;;
2026-10-10;17:00;Lördag;15810014;5;Sollentuna HC 1;Haninge Anchors HC;CYLOQ Arena;U15P Blå Grupp  2 [15810], Stockholms Ishockeyförbund ;;;
2026-10-10;17:00;Lördag;15945064;8;Saltsjöbadens IF 2;Sollentuna HC 2;Saltsjöbadens Ishall;U14P Röd grupp 4 [15945], Stockholms Ishockeyförbund ;;;
2026-10-10;17:15;Lördag;15840200;34;Järfälla HC vit;Sollentuna HC röd;Stricct Travel Arena;U12P Grupp 1  [15840], Stockholms Ishockeyförbund ;;;
2026-10-10;17:25;Lördag;15703024;8;Värmdö HC;Sollentuna HC;Ekhallen;U16P Blå grupp 2 [15703], Stockholms Ishockeyförbund ;;;
2026-10-10;17:40;Lördag;15840202;34;Sollentuna HC röd;Spånga IS IK blå;Stricct Travel Arena;U12P Grupp 1  [15840], Stockholms Ishockeyförbund ;;;
2026-10-10;18:05;Lördag;15840203;34;Väsby IK HK grön;Sollentuna HC röd;Stricct Travel Arena;U12P Grupp 1  [15840], Stockholms Ishockeyförbund ;;;
2026-10-10;14:00;Lördag;97032089;15;Skellefteå AIK;Sollentuna HC;Skellefteå Kraft Arena C-hallen;U20 Herr Nationell Norra [97032];;;
2026-10-11;08:05;Söndag;15944020;4;Hässelby Kälvesta HC;Sollentuna HC;HCL Tech Arena;U12F Stockholm Gotland [15944], U12F Poolspel Stockholm Hockey Cup ;;;
2026-10-11;08:30;Söndag;15944022;4;Sollentuna HC;Spånga IS IK;HCL Tech Arena;U12F Stockholm Gotland [15944], U12F Poolspel Stockholm Hockey Cup ;;;
2026-10-11;08:55;Söndag;15944023;4;IK Göta vit;Sollentuna HC;HCL Tech Arena;U12F Stockholm Gotland [15944], U12F Poolspel Stockholm Hockey Cup ;;;
2026-10-11;12:30;Söndag;15850007;2;Väsby IK HK grön;Sollentuna HC vit;Allhallen;U11P Grupp 1 [15850], Stockholms Ishockeyförbund ;;;
2026-10-11;13:00;Söndag;15850010;2;Hässelby Kälvesta HC svart;Sollentuna HC vit;Allhallen;U11P Grupp 1 [15850], Stockholms Ishockeyförbund ;;;
2026-10-11;13:30;Söndag;15840206;35;Sollentuna HC blå;Lidingö Vikings HC röd;Vikingahallen;U12P Grupp 1  [15840], Stockholms Ishockeyförbund ;;;
2026-10-11;13:30;Söndag;15850012;2;Sollentuna HC vit;Mälarö Hockeyförening blå;Allhallen;U11P Grupp 1 [15850], Stockholms Ishockeyförbund ;;;
2026-10-11;13:30;Söndag;85210004;1;Järna SK;Sollentuna HC;Järna Ishall;DamTvåan Östra [85210], Region Öst ;;;
2026-10-11;14:00;Söndag;15840207;35;Mälarö Hockeyförening grön;Sollentuna HC blå;Vikingahallen;U12P Grupp 1  [15840], Stockholms Ishockeyförbund ;;;
2026-10-11;14:00;Söndag;15841533;6;Järfälla HC blå;Sollentuna HC vit;Kallhälls Ishall;U12P Grupp 2  [15841], Stockholms Ishockeyförbund ;;;
2026-10-11;14:30;Söndag;15840210;35;IFK Täby HC röd;Sollentuna HC blå;Vikingahallen;U12P Grupp 1  [15840], Stockholms Ishockeyförbund ;;;
2026-10-11;14:40;Söndag;15841535;6;Sollentuna HC vit;Brinkens IF gul;Kallhälls Ishall;U12P Grupp 2  [15841], Stockholms Ishockeyförbund ;;;
2026-10-11;15:10;Söndag;15841536;6;Viggbyholms IK blå;Sollentuna HC vit;Kallhälls Ishall;U12P Grupp 2  [15841], Stockholms Ishockeyförbund ;;;
2026-10-11;15:20;Söndag;15851154;5;Sollentuna HC blå;Spånga IS IK svart;Stricct Travel Arena;U11P Grupp 2 [15851], Stockholms Ishockeyförbund ;;;
2026-10-11;15:20;Söndag;15851155;5;Lidingö Vikings HC vit;Sollentuna HC blå;Stricct Travel Arena;U11P Grupp 2 [15851], Stockholms Ishockeyförbund ;;;
2026-10-11;16:00;Söndag;90255259;26;Sollentuna HC;Hudiksvalls HC;CYLOQ Arena;Hockeyettan Norra [90255];;;
2026-10-11;16:40;Söndag;95752024;5;Viggbyholms IK;Sollentuna HC;Hägernäs Ishall;U18H Allettan Östra [95752];;;
2026-10-11;20:00;Söndag;15604004;2;Sollentuna HC;Solna SK;CYLOQ Annex;Damer Rekreation Grupp C nord [15604], Stockholms Ishockeyförbund ;;;
2026-10-11;12:00;Söndag;97032095;16;Luleå HF;Sollentuna HC;Coop Norrbotten Arena ;U20 Herr Nationell Norra [97032];;;
2026-10-12;19:30;Måndag;15811025;9;Sollentuna HC 2;Viggbyholms IK 2;CYLOQ Annex;U15P Röd Grupp 1 [15811], Stockholms Ishockeyförbund ;;;
2026-10-13;19:30;Tisdag;15834033;9;Sollentuna HC röd;Solna SK;CYLOQ Arena;U13P Röd grupp 1 [15834], Stockholms Ishockeyförbund ;;;
2026-10-13;20:00;Tisdag;15822016;6;Sollentuna HC 1;Trångsunds IF 1;CYLOQ Annex;U14P Blå grupp 3 [15822], Stockholms Ishockeyförbund ;;;
2026-10-15;19:00;Torsdag;15830027;9;Bålsta HC;Sollentuna HC vit;Bålsta Ishall;U13P Blå grupp 1 [15830], Stockholms Ishockeyförbund ;;;
2026-10-15;19:10;Torsdag;95752027;6;Sollentuna HC;Nyköpings SK;CYLOQ Arena;U18H Allettan Östra [95752];;;
2026-10-15;19:15;Torsdag;15703005;2;Almtuna IS;Sollentuna HC;Gränbyhallen (B);U16P Blå grupp 2 [15703], Stockholms Ishockeyförbund ;;;
2026-10-16;20:00;Fredag;15810018;6;Sollentuna HC 1;Tullinge TP HC;CYLOQ Arena;U15P Blå Grupp  2 [15810], Stockholms Ishockeyförbund ;;;
2026-10-16;20:00;Fredag;15945033;9;Sollentuna HC 2;Knivsta IS 2;CYLOQ Annex;U14P Röd grupp 4 [15945], Stockholms Ishockeyförbund ;;;
2026-10-17;12:00;Lördag;15945039;10;Norrtälje IK;Sollentuna HC 2;Roslagens Sparbank Arena;U14P Röd grupp 4 [15945], Stockholms Ishockeyförbund ;;;
2026-10-17;14:30;Lördag;85210007;2;Sollentuna HC;IFK Mariehamn;CYLOQ Arena;DamTvåan Östra [85210], Region Öst ;;;
2026-10-17;15:10;Lördag;15841050;9;SDE HF svart;Sollentuna HC vit;Österåker Sportcentrum;U12P Grupp 2  [15841], Stockholms Ishockeyförbund ;;;
2026-10-17;15:30;Lördag;15841052;9;Sollentuna HC vit;AIK vit;Österåker Sportcentrum;U12P Grupp 2  [15841], Stockholms Ishockeyförbund ;;;
2026-10-17;15:50;Lördag;15841053;9;IFK Österåker Hockey vit;Sollentuna HC vit;Österåker Sportcentrum;U12P Grupp 2  [15841], Stockholms Ishockeyförbund ;;;
2026-10-17;16:00;Lördag;15830029;10;Sollentuna HC vit;SK Iron Hockey/Tierps HK;CYLOQ Annex;U13P Blå grupp 1 [15830], Stockholms Ishockeyförbund ;;;
2026-10-17;17:30;Lördag;15822006;2;Sollentuna HC 1;IFK Täby HC 1;CYLOQ Annex;U14P Blå grupp 3 [15822], Stockholms Ishockeyförbund ;;;
2026-10-17;18:30;Lördag;15703029;10;Nacka HK;Sollentuna HC;Nacka Ishall;U16P Blå grupp 2 [15703], Stockholms Ishockeyförbund ;;;
2026-10-17;19:30;Lördag;15810019;7;Viggbyholms IK;Sollentuna HC 1;Hägernäs Ishall;U15P Blå Grupp  2 [15810], Stockholms Ishockeyförbund ;;;
2026-10-17;17:15;Lördag;95752034;7;Sollentuna HC;Lidingö Vikings HC;CYLOQ Arena;U18H Allettan Östra [95752];;;
2026-10-18;13:35;Söndag;15834039;10;Spånga IS IK;Sollentuna HC röd;Stricct Travel Arena;U13P Röd grupp 1 [15834], Stockholms Ishockeyförbund ;;;
2026-10-18;14:05;Söndag;15840236;40;Brinkens IF vit;Sollentuna HC blå;CYLOQ Annex;U12P Grupp 1  [15840], Stockholms Ishockeyförbund ;;;
2026-10-18;14:30;Söndag;15840238;40;Sollentuna HC blå;Solna SK vit;CYLOQ Annex;U12P Grupp 1  [15840], Stockholms Ishockeyförbund ;;;
2026-10-18;14:55;Söndag;15840239;40;Väsby IK HK vit;Sollentuna HC blå;CYLOQ Annex;U12P Grupp 1  [15840], Stockholms Ishockeyförbund ;;;
2026-10-18;20:05;Söndag;15604006;3;Spånga Madres;Sollentuna HC;Stricct Travel Arena;Damer Rekreation Grupp C nord [15604], Stockholms Ishockeyförbund ;;;
2026-10-18;21:00;Söndag;15975005;2;Sollentuna Late Bloomers;Spånga Padres;CYLOQ Arena;RHL Herr Grupp B [15975], Stockholms Ishockeyförbund ;;;
2026-10-18;12:10;Söndag;97032108;18;Sollentuna HC;Brynäs IF;CYLOQ Arena;U20 Herr Nationell Norra [97032];;;
2026-10-18;00:00;Söndag;15840218;37;Mälarö Hockeyförening vit;Sollentuna HC röd;Lejonhallen;U12P Grupp 1  [15840], Stockholms Ishockeyförbund ;;;
2026-10-18;00:00;Söndag;15840220;37;Sollentuna HC röd;Spånga IS IK blå;Lejonhallen;U12P Grupp 1  [15840], Stockholms Ishockeyförbund ;;;
2026-10-18;00:00;Söndag;15840221;37;Brinkens IF röd;Sollentuna HC röd;Lejonhallen;U12P Grupp 1  [15840], Stockholms Ishockeyförbund ;;;
2026-10-19;16:00;Måndag;15810024;8;Brinkens IF;Sollentuna HC 1;Lejonhallen;U15P Blå Grupp  2 [15810], Stockholms Ishockeyförbund ;;;
2026-10-19;19:00;Måndag;97032101;17;Sollentuna HC;Timrå IK;CYLOQ Arena;U20 Herr Nationell Norra [97032];;;
2026-10-19;19:40;Måndag;15703010;4;Vallentuna Hockey;Sollentuna HC;Vallentuna Ishall;U16P Blå grupp 2 [15703], Stockholms Ishockeyförbund ;;;
2026-10-20;20:00;Tisdag;15830033;11;Järfälla HC vit;Sollentuna HC vit;Järfälla Ishall;U13P Blå grupp 1 [15830], Stockholms Ishockeyförbund ;;;
2026-10-20;20:00;Tisdag;15945044;11;Sollentuna HC 2;Trångsunds IF 2;CYLOQ Annex;U14P Röd grupp 4 [15945], Stockholms Ishockeyförbund ;;;
2026-10-21;19:00;Onsdag;90255303;31;Sollentuna HC;Väsby IK HK;CYLOQ Arena;Hockeyettan Norra [90255];;;
2026-10-22;19:10;Torsdag;15811032;11;Enköpings SK HK;Sollentuna HC 2;Sandbrohallen;U15P Röd Grupp 1 [15811], Stockholms Ishockeyförbund ;;;
2026-10-22;19:15;Torsdag;15703031;11;Sollentuna HC;Vallentuna Hockey;CYLOQ Arena;U16P Blå grupp 2 [15703], Stockholms Ishockeyförbund ;;;
2026-10-22;19:30;Torsdag;95752040;8;Eskilstuna Linden Hockey;Sollentuna HC;Smehallen;U18H Allettan Östra [95752];;;
2026-10-23;20:00;Fredag;15822024;8;Sollentuna HC 1;Nacka HK 1;CYLOQ Arena;U14P Blå grupp 3 [15822], Stockholms Ishockeyförbund ;;;
2026-10-23;20:00;Fredag;15834044;11;Sollentuna HC röd;Norrtälje IK;CYLOQ Annex;U13P Röd grupp 1 [15834], Stockholms Ishockeyförbund ;;;
2026-10-24;14:00;Lördag;97032113;19;Leksands IF;Sollentuna HC;Tegera Arena;U20 Herr Nationell Norra [97032];;;
2026-10-24;16:30;Lördag;85210012;3;Hässelby Kälvesta HC;Sollentuna HC;Reliable Arena ;DamTvåan Östra [85210], Region Öst ;;;
2026-10-25;12:00;Söndag;97032119;20;Mora IK;Sollentuna HC;Wibe Arena;U20 Herr Nationell Norra [97032];;;
2026-10-25;18:30;Söndag;95752043;9;Sollentuna HC;Enköpings SK HK;CYLOQ Arena;U18H Allettan Östra [95752];;;
2026-10-25;15:30;Söndag;90255086;9;Sollentuna HC;Borlänge HF;CYLOQ Arena;Hockeyettan Norra [90255];;;
2026-10-27;18:40;Tisdag;97032133;23;Sollentuna HC;Huddinge IK;CYLOQ Arena;U20 Herr Nationell Norra [97032];;;
2026-10-30;18:40;Fredag;97032140;24;Sollentuna HC;Djurgårdens IF;CYLOQ Arena;U20 Herr Nationell Norra [97032];;;
2026-10-31;15:00;Lördag;90255281;29;Kiruna IF;Sollentuna HC;Lombiahallen;Hockeyettan Norra [90255];;;
2026-11-01;14:00;Söndag;90255292;30;Kalix HC;Sollentuna HC;PART Arena;Hockeyettan Norra [90255];;;
2026-11-01;18:30;Söndag;95752050;10;IK Göta;Sollentuna HC;HCL Tech Arena;U18H Allettan Östra [95752];;;
2026-11-03;19:30;Tisdag;85210018;4;Sollentuna HC;Almtuna IS;CYLOQ Arena;DamTvåan Östra [85210], Region Öst ;;;
2026-11-04;19:00;Onsdag;15811034;12;Sollentuna HC 2;Almtuna IS;CYLOQ Annex;U15P Röd Grupp 1 [15811], Stockholms Ishockeyförbund ;;;
2026-11-04;19:00;Onsdag;90255017;2;Surahammars IF;Sollentuna HC;XLNT AKUSTIK Arena;Hockeyettan Norra [90255];;;
2026-11-04;19:30;Onsdag;15703034;12;Södertälje SK;Sollentuna HC;Scaniarinken;U16P Blå grupp 2 [15703], Stockholms Ishockeyförbund ;;;
2026-11-05;19:10;Torsdag;95752055;11;Sollentuna HC;Vallentuna Hockey;CYLOQ Arena;U18H Allettan Östra [95752];;;
2026-11-05;19:15;Torsdag;15945047;12;Almtuna IS 2;Sollentuna HC 2;Gränby Ishallar A-hall;U14P Röd grupp 4 [15945], Stockholms Ishockeyförbund ;;;
2026-11-06;19:15;Fredag;15834047;12;Almtuna IS;Sollentuna HC röd;Gränby Ishallar A-hall;U13P Röd grupp 1 [15834], Stockholms Ishockeyförbund ;;;
2026-11-06;19:30;Fredag;15975010;3;MB Hockey 2;Sollentuna Late Bloomers;Mälarhöjdens Ishall 2;RHL Herr Grupp B [15975], Stockholms Ishockeyförbund ;;;
2026-11-06;20:00;Fredag;15830036;12;Sollentuna HC vit;Mälarö Hockeyförening;CYLOQ Annex;U13P Blå grupp 1 [15830], Stockholms Ishockeyförbund ;;;
2026-11-07;08:00;Lördag;15841316;16;SDE HF vit;Sollentuna HC vit;Hägernäs Ishall;U12P Grupp 2  [15841], Stockholms Ishockeyförbund ;;;
2026-11-07;08:35;Lördag;15841319;16;Viggbyholms IK röd;Sollentuna HC vit;Hägernäs Ishall;U12P Grupp 2  [15841], Stockholms Ishockeyförbund ;;;
2026-11-07;09:05;Lördag;15841321;16;Sollentuna HC vit;IK Göta röd;Hägernäs Ishall;U12P Grupp 2  [15841], Stockholms Ishockeyförbund ;;;
2026-11-07;11:30;Lördag;15840258;43;Vallentuna Hockey vit;Sollentuna HC blå;Vikingahallen;U12P Grupp 1  [15840], Stockholms Ishockeyförbund ;;;
2026-11-07;12:00;Lördag;15840254;43;Sollentuna HC blå;AIK svart;Vikingahallen;U12P Grupp 1  [15840], Stockholms Ishockeyförbund ;;;
2026-11-07;12:00;Lördag;15840255;43;Mälarö Hockeyförening vit;Sollentuna HC blå;Vikingahallen;U12P Grupp 1  [15840], Stockholms Ishockeyförbund ;;;
2026-11-07;12:30;Lördag;15850032;6;Mälarö Hockeyförening vit;Sollentuna HC röd;Allhallen;U11P Grupp 1 [15850], Stockholms Ishockeyförbund ;;;
2026-11-07;13:00;Lördag;15850034;6;Sollentuna HC röd;IK Göta  blå;Allhallen;U11P Grupp 1 [15850], Stockholms Ishockeyförbund ;;;
2026-11-07;13:20;Lördag;15851049;9;IFK Täby HC vit;Sollentuna HC blå;CYLOQ Annex;U11P Grupp 2 [15851], Stockholms Ishockeyförbund ;;;
2026-11-07;13:30;Lördag;15850035;6;Väsby IK HK grön;Sollentuna HC röd;Allhallen;U11P Grupp 1 [15850], Stockholms Ishockeyförbund ;;;
2026-11-07;13:35;Lördag;15850038;7;Sollentuna HC vit;Vallentuna Hockey blå;Reliable Arena ;U11P Grupp 1 [15850], Stockholms Ishockeyförbund ;;;
2026-11-07;13:45;Lördag;15851052;9;Vallentuna Hockey vit;Sollentuna HC blå;CYLOQ Annex;U11P Grupp 2 [15851], Stockholms Ishockeyförbund ;;;
2026-11-07;14:00;Lördag;15850039;7;Hässelby Kälvesta HC svart;Sollentuna HC vit;Reliable Arena ;U11P Grupp 1 [15850], Stockholms Ishockeyförbund ;;;
2026-11-07;14:10;Lördag;15840266;45;Sollentuna HC röd;Spånga IS IK blå;Exakt Annex;U12P Grupp 1  [15840], Stockholms Ishockeyförbund ;;;
2026-11-07;14:10;Lördag;15851054;9;Sollentuna HC blå;Viggbyholms IK röd;CYLOQ Annex;U11P Grupp 2 [15851], Stockholms Ishockeyförbund ;;;
2026-11-07;14:25;Lördag;15850042;7;IK Göta svart;Sollentuna HC vit;Reliable Arena ;U11P Grupp 1 [15850], Stockholms Ishockeyförbund ;;;
2026-11-07;14:30;Lördag;15840267;45;Brinkens IF röd;Sollentuna HC röd;Exakt Annex;U12P Grupp 1  [15840], Stockholms Ishockeyförbund ;;;
2026-11-07;14:45;Lördag;15834050;13;Sollentuna HC röd;Wings HC Arlanda;CYLOQ Annex;U13P Röd grupp 1 [15834], Stockholms Ishockeyförbund ;;;
2026-11-07;14:50;Lördag;15840270;45;Lidingö Vikings HC röd;Sollentuna HC röd;Exakt Annex;U12P Grupp 1  [15840], Stockholms Ishockeyförbund ;;;
2026-11-07;16:15;Lördag;15822027;9;Sollentuna HC 1;Flemingsbergs IK 1;CYLOQ Annex;U14P Blå grupp 3 [15822], Stockholms Ishockeyförbund ;;;
2026-11-07;17:45;Lördag;15703039;13;Sollentuna HC;Djurgårdens IF;CYLOQ Annex;U16P Blå grupp 2 [15703], Stockholms Ishockeyförbund ;;;
2026-11-08;08:05;Söndag;15944062;11;IK Göta röd;Sollentuna HC;HCL Tech Arena;U12F Stockholm Gotland [15944], U12F Poolspel Stockholm Hockey Cup ;;;
2026-11-08;08:30;Söndag;15944064;11;Sollentuna HC;Värmdö HC;HCL Tech Arena;U12F Stockholm Gotland [15944], U12F Poolspel Stockholm Hockey Cup ;;;
2026-11-08;08:55;Söndag;15944065;11;Huddinge IK vit;Sollentuna HC;HCL Tech Arena;U12F Stockholm Gotland [15944], U12F Poolspel Stockholm Hockey Cup ;;;
2026-11-08;11:30;Söndag;15810025;9;Sollentuna HC 1;Eskilstuna Linden Hockey;CYLOQ Annex;U15P Blå Grupp  2 [15810], Stockholms Ishockeyförbund ;;;
2026-11-08;16:30;Söndag;15945050;13;Sollentuna HC 2;Brinkens IF 2;CYLOQ Annex;U14P Röd grupp 4 [15945], Stockholms Ishockeyförbund ;;;
2026-11-08;18:00;Söndag;15811038;13;Solna SK 1;Sollentuna HC 2;Ulriksdals IP Hall 2;U15P Röd Grupp 1 [15811], Stockholms Ishockeyförbund ;;;
2026-11-09;18:30;Måndag;15830042;14;AIK gul;Sollentuna HC vit;Ulriksdals IP Hall 3;U13P Blå grupp 1 [15830], Stockholms Ishockeyförbund ;;;
2026-11-09;19:10;Måndag;95752059;12;Sollentuna HC;IFK Tumba IK;CYLOQ Arena;U18H Allettan Östra [95752];;;
2026-11-10;18:30;Tisdag;15834053;14;AIK svart;Sollentuna HC röd;Ulriksdals IP Hall 3;U13P Röd grupp 1 [15834], Stockholms Ishockeyförbund ;;;
2026-11-10;18:40;Tisdag;97032072;12;Sollentuna HC;AIK;CYLOQ Arena;U20 Herr Nationell Norra [97032];;;
2026-11-10;19:00;Tisdag;15810029;10;Haninge Anchors HC;Sollentuna HC 1;Torvalla B-hall;U15P Blå Grupp  2 [15810], Stockholms Ishockeyförbund ;;;
2026-11-11;19:30;Onsdag;15945053;14;Nacka HK 2;Sollentuna HC 2;Nacka Ishall;U14P Röd grupp 4 [15945], Stockholms Ishockeyförbund ;;;
2026-11-12;18:00;Torsdag;15822030;10;Brinkens IF 1;Sollentuna HC 1;Lejonhallen;U14P Blå grupp 3 [15822], Stockholms Ishockeyförbund ;;;
2026-11-12;19:45;Torsdag;95752061;13;Boo HC;Sollentuna HC;Björknäs Ishall;U18H Allettan Östra [95752];;;
2026-11-12;20:00;Torsdag;15811041;14;Sollentuna HC 2;TIG Hockey(SKI/THK/GIF);CYLOQ Annex;U15P Röd Grupp 1 [15811], Stockholms Ishockeyförbund ;;;
2026-11-12;19:30;Torsdag;97032066;11;AIK;Sollentuna HC;Ulriksdals IP Hall 3;U20 Herr Nationell Norra [97032];;;
2026-11-13;20:00;Fredag;15604010;5;Sollentuna HC;Bålsta HC;CYLOQ Arena;Damer Rekreation Grupp C nord [15604], Stockholms Ishockeyförbund ;;;
2026-11-14;13:50;Lördag;15841140;24;Viggbyholms IK röd;Sollentuna HC vit;CYLOQ Annex;U12P Grupp 2  [15841], Stockholms Ishockeyförbund ;;;
2026-11-14;14:15;Lördag;15841142;24;Sollentuna HC vit;AIK vit;CYLOQ Annex;U12P Grupp 2  [15841], Stockholms Ishockeyförbund ;;;
2026-11-14;14:40;Lördag;15841143;24;Lidingö Vikings HC blå;Sollentuna HC vit;CYLOQ Annex;U12P Grupp 2  [15841], Stockholms Ishockeyförbund ;;;
2026-11-14;16:00;Lördag;90255349;35;Sollentuna HC;Piteå HC;CYLOQ Arena;Hockeyettan Norra [90255];;;
2026-11-15;09:35;Söndag;15840296;50;Sollentuna HC blå;AIK gul;Tibble Ishall;U12P Grupp 1  [15840], Stockholms Ishockeyförbund ;;;
2026-11-15;10:00;Söndag;15840297;50;Mälarö Hockeyförening vit;Sollentuna HC blå;Tibble Ishall;U12P Grupp 1  [15840], Stockholms Ishockeyförbund ;;;
2026-11-15;10:05;Söndag;15840294;49;Vallentuna Hockey röd;Sollentuna HC röd;CYLOQ Annex;U12P Grupp 1  [15840], Stockholms Ishockeyförbund ;;;
2026-11-15;10:25;Söndag;15840300;50;IFK Täby HC röd;Sollentuna HC blå;Tibble Ishall;U12P Grupp 1  [15840], Stockholms Ishockeyförbund ;;;
2026-11-15;10:30;Söndag;15840290;49;Sollentuna HC röd;Spånga IS IK blå;CYLOQ Annex;U12P Grupp 1  [15840], Stockholms Ishockeyförbund ;;;
2026-11-15;10:30;Söndag;15840291;49;Väsby IK HK grön;Sollentuna HC röd;CYLOQ Annex;U12P Grupp 1  [15840], Stockholms Ishockeyförbund ;;;
2026-11-15;14:00;Söndag;90255360;36;Sollentuna HC;Örnsköldsvik HF;CYLOQ Arena;Hockeyettan Norra [90255];;;
2026-11-15;18:30;Söndag;85210025;5;Väsby IK HK;Sollentuna HC;Vilundaparkens Ishall A;DamTvåan Östra [85210], Region Öst ;;;
2026-11-15;18:30;Söndag;95752069;14;Sollentuna HC;Viggbyholms IK;CYLOQ Arena;U18H Allettan Östra [95752];;;
2026-11-19;19:40;Torsdag;95752072;15;Nyköpings SK;Sollentuna HC;Stora Hallen;U18H Allettan Östra [95752];;;
2026-11-20;19:00;Fredag;90255113;12;Väsby IK HK;Sollentuna HC;Vilundaparkens Ishall A;Hockeyettan Norra [90255];;;
2026-11-20;19:30;Fredag;85210029;6;Sollentuna HC;Tullinge TP HC;CYLOQ Arena;DamTvåan Östra [85210], Region Öst ;;;
2026-11-21;12:40;Lördag;97032162;27;Sollentuna HC;Brynäs IF;CYLOQ Arena;U20 Herr Nationell Norra [97032];;;
2026-11-21;00:00;Lördag;15850086;15;Sollentuna HC röd;AIK gul;Ulriksdals IP Hall 2;U11P Grupp 1 [15850], Stockholms Ishockeyförbund ;;;
2026-11-21;00:00;Lördag;15850087;15;Hässelby Kälvesta HC svart;Sollentuna HC röd;Ulriksdals IP Hall 2;U11P Grupp 1 [15850], Stockholms Ishockeyförbund ;;;
2026-11-21;00:00;Lördag;15850090;15;Solna SK vit;Sollentuna HC röd;Ulriksdals IP Hall 2;U11P Grupp 1 [15850], Stockholms Ishockeyförbund ;;;
2026-11-22;10:00;Söndag;15944098;17;Huddinge IK vit;Sollentuna HC;Mälarhöjdens Ishall;U12F Stockholm Gotland [15944], U12F Poolspel Stockholm Hockey Cup ;;;
2026-11-22;10:05;Söndag;15851073;13;Spånga IS IK gul;Sollentuna HC blå;CYLOQ Annex;U11P Grupp 2 [15851], Stockholms Ishockeyförbund ;;;
2026-11-22;10:25;Söndag;15944100;17;Sollentuna HC;VAKANT PLATS 1 U12F;Mälarhöjdens Ishall;U12F Stockholm Gotland [15944], U12F Poolspel Stockholm Hockey Cup ;;;
2026-11-22;10:30;Söndag;15851076;13;Vallentuna Hockey vit;Sollentuna HC blå;CYLOQ Annex;U11P Grupp 2 [15851], Stockholms Ishockeyförbund ;;;
2026-11-22;10:50;Söndag;15944101;17;Djurgårdens IF blå;Sollentuna HC;Mälarhöjdens Ishall;U12F Stockholm Gotland [15944], U12F Poolspel Stockholm Hockey Cup ;;;
2026-11-22;10:55;Söndag;15851078;13;Sollentuna HC blå;IFK Österåker Hockey blå;CYLOQ Annex;U11P Grupp 2 [15851], Stockholms Ishockeyförbund ;;;
2026-11-22;12:00;Söndag;95752079;16;Lidingö Vikings HC;Sollentuna HC;Exakt Arena;U18H Allettan Östra [95752];;;
2026-11-22;12:10;Söndag;97032167;28;Sollentuna HC;Timrå IK;CYLOQ Arena;U20 Herr Nationell Norra [97032];;;
2026-11-22;13:30;Söndag;15850074;13;Mälarö Hockeyförening blå;Sollentuna HC vit;Vilundaparkens Ishall A;U11P Grupp 1 [15850], Stockholms Ishockeyförbund ;;;
2026-11-22;14:00;Söndag;15850076;13;Sollentuna HC vit;IK Göta  blå;Vilundaparkens Ishall A;U11P Grupp 1 [15850], Stockholms Ishockeyförbund ;;;
2026-11-22;14:30;Söndag;15850077;13;Väsby IK HK vit;Sollentuna HC vit;Vilundaparkens Ishall A;U11P Grupp 1 [15850], Stockholms Ishockeyförbund ;;;
2026-11-22;17:00;Söndag;90255313;32;Sollentuna HC;Wings HC Arlanda;CYLOQ Arena;Hockeyettan Norra [90255];;;
2026-11-22;21:00;Söndag;15975014;4;Sollentuna Late Bloomers;Solna Under Dogs;CYLOQ Arena;RHL Herr Grupp B [15975], Stockholms Ishockeyförbund ;;;
2026-11-26;19:10;Torsdag;95752085;17;Sollentuna HC;Eskilstuna Linden Hockey;CYLOQ Arena;U18H Allettan Östra [95752];;;
2026-11-27;19:00;Fredag;90255057;6;Sollentuna HC;Järfälla HC;CYLOQ Arena;Hockeyettan Norra [90255];;;
2026-11-28;15:00;Lördag;97032173;29;Mora IK;Sollentuna HC;Wibe Arena;U20 Herr Nationell Norra [97032];;;
2026-11-29;08:05;Söndag;15841158;27;Viggbyholms IK vit;Sollentuna HC vit;HCL Tech Arena;U12P Grupp 2  [15841], Stockholms Ishockeyförbund ;;;
2026-11-29;08:30;Söndag;15841160;27;Sollentuna HC vit;Brinkens IF gul;HCL Tech Arena;U12P Grupp 2  [15841], Stockholms Ishockeyförbund ;;;
2026-11-29;08:55;Söndag;15841161;27;IK Göta röd;Sollentuna HC vit;HCL Tech Arena;U12P Grupp 2  [15841], Stockholms Ishockeyförbund ;;;
2026-11-29;09:30;Söndag;15840308;52;Sollentuna HC blå;AIK gul;Ulriksdals IP Hall 3;U12P Grupp 1  [15840], Stockholms Ishockeyförbund ;;;
2026-11-29;09:55;Söndag;15840309;52;Brinkens IF röd;Sollentuna HC blå;Ulriksdals IP Hall 3;U12P Grupp 1  [15840], Stockholms Ishockeyförbund ;;;
2026-11-29;10:20;Söndag;15840312;52;Lidingö Vikings HC röd;Sollentuna HC blå;Ulriksdals IP Hall 3;U12P Grupp 1  [15840], Stockholms Ishockeyförbund ;;;
2026-11-29;11:00;Söndag;97032179;30;Leksands IF;Sollentuna HC;Tegera Arena;U20 Herr Nationell Norra [97032];;;
2026-11-29;13:45;Söndag;85210034;7;Kallhälls IF;Sollentuna HC;Kallhälls Ishall;DamTvåan Östra [85210], Region Öst ;;;
2026-11-29;16:00;Söndag;95752088;18;Enköpings SK HK;Sollentuna HC;Bahcohallen;U18H Allettan Östra [95752];;;
2026-11-29;00:00;Söndag;15840301;51;Väsby IK HK grön;Sollentuna HC röd;Lejonhallen;U12P Grupp 1  [15840], Stockholms Ishockeyförbund ;;;
2026-11-29;00:00;Söndag;15840304;51;Järfälla HC röd;Sollentuna HC röd;Lejonhallen;U12P Grupp 1  [15840], Stockholms Ishockeyförbund ;;;
2026-11-29;00:00;Söndag;15840306;51;Sollentuna HC röd;Brinkens IF vit;Lejonhallen;U12P Grupp 1  [15840], Stockholms Ishockeyförbund ;;;
2026-12-02;19:00;Onsdag;97032205;35;Huddinge IK;Sollentuna HC;Björkängshallen;U20 Herr Nationell Norra [97032];;;
2026-12-04;19:30;Fredag;85210038;8;Sollentuna HC;Sundbybergs IK;CYLOQ Arena;DamTvåan Östra [85210], Region Öst ;;;
2026-12-05;08:05;Lördag;15850110;19;Sollentuna HC röd;Solna SK vit;HCL Tech Arena;U11P Grupp 1 [15850], Stockholms Ishockeyförbund ;;;
2026-12-05;08:30;Lördag;15850111;19;Väsby IK HK grön;Sollentuna HC röd;HCL Tech Arena;U11P Grupp 1 [15850], Stockholms Ishockeyförbund ;;;
2026-12-05;08:55;Lördag;15850114;19;IK Göta svart;Sollentuna HC röd;HCL Tech Arena;U11P Grupp 1 [15850], Stockholms Ishockeyförbund ;;;
2026-12-05;12:35;Lördag;15851109;19;Brinkens IF röd;Sollentuna HC blå;CYLOQ Annex;U11P Grupp 2 [15851], Stockholms Ishockeyförbund ;;;
2026-12-05;13:00;Lördag;15851112;19;Vallentuna Hockey röd;Sollentuna HC blå;CYLOQ Annex;U11P Grupp 2 [15851], Stockholms Ishockeyförbund ;;;
2026-12-05;13:25;Lördag;15851114;19;Sollentuna HC blå;Viggbyholms IK vit;CYLOQ Annex;U11P Grupp 2 [15851], Stockholms Ishockeyförbund ;;;
2026-12-05;14:40;Lördag;15850116;20;Järfälla HC vit;Sollentuna HC vit;Kallhälls Ishall;U11P Grupp 1 [15850], Stockholms Ishockeyförbund ;;;
2026-12-05;15:00;Lördag;15850118;20;Sollentuna HC vit;AIK gul;Kallhälls Ishall;U11P Grupp 1 [15850], Stockholms Ishockeyförbund ;;;
2026-12-05;15:20;Lördag;15850119;20;Mälarö Hockeyförening vit;Sollentuna HC vit;Kallhälls Ishall;U11P Grupp 1 [15850], Stockholms Ishockeyförbund ;;;
2026-12-05;18:00;Lördag;15975018;5;IFK Täby HC;Sollentuna Late Bloomers;CYLOQ Annex;RHL Herr Grupp B [15975], Stockholms Ishockeyförbund ;;;
2026-12-06;09:30;Söndag;15944116;20;SDE HF svart;Sollentuna HC;Ekrinken;U12F Stockholm Gotland [15944], U12F Poolspel Stockholm Hockey Cup ;;;
2026-12-06;09:55;Söndag;15944118;20;Sollentuna HC;Värmdö HC;Ekrinken;U12F Stockholm Gotland [15944], U12F Poolspel Stockholm Hockey Cup ;;;
2026-12-06;10:20;Söndag;15944119;20;Älta IF;Sollentuna HC;Ekrinken;U12F Stockholm Gotland [15944], U12F Poolspel Stockholm Hockey Cup ;;;
2026-12-07;19:00;Måndag;97032212;36;Djurgårdens IF;Sollentuna HC;Hovet, Johanneshov;U20 Herr Nationell Norra [97032];;;
2026-12-10;19:30;Torsdag;85210044;9;SHK Hockey Club;Sollentuna HC;PEK hallen;DamTvåan Östra [85210], Region Öst ;;;
2026-12-11;19:00;Fredag;90255124;13;Wings HC Arlanda;Sollentuna HC;Pinbackshallen;Hockeyettan Norra [90255];;;
2026-12-12;10:05;Lördag;15840356;60;Sollentuna HC blå;Spånga IS IK blå;CYLOQ Annex;U12P Grupp 1  [15840], Stockholms Ishockeyförbund ;;;
2026-12-12;10:30;Lördag;15840357;60;Mälarö Hockeyförening vit;Sollentuna HC blå;CYLOQ Annex;U12P Grupp 1  [15840], Stockholms Ishockeyförbund ;;;
2026-12-12;10:55;Lördag;15840360;60;Solna SK orange;Sollentuna HC blå;CYLOQ Annex;U12P Grupp 1  [15840], Stockholms Ishockeyförbund ;;;
2026-12-12;14:05;Lördag;15850140;24;Järfälla HC vit;Sollentuna HC vit;CYLOQ Annex;U11P Grupp 1 [15850], Stockholms Ishockeyförbund ;;;
2026-12-12;14:30;Lördag;15850142;24;Sollentuna HC vit;AIK svart;CYLOQ Annex;U11P Grupp 1 [15850], Stockholms Ishockeyförbund ;;;
2026-12-12;14:55;Lördag;15850143;24;Väsby IK HK vit;Sollentuna HC vit;CYLOQ Annex;U11P Grupp 1 [15850], Stockholms Ishockeyförbund ;;;
2026-12-12;00:00;Lördag;15850134;23;Sollentuna HC röd;Spånga IS IK vit;Ulriksdals IP Hall 2;U11P Grupp 1 [15850], Stockholms Ishockeyförbund ;;;
2026-12-12;00:00;Lördag;15850135;23;Mälarö Hockeyförening blå;Sollentuna HC röd;Ulriksdals IP Hall 2;U11P Grupp 1 [15850], Stockholms Ishockeyförbund ;;;
2026-12-12;00:00;Lördag;15850138;23;Solna SK vit;Sollentuna HC röd;Ulriksdals IP Hall 2;U11P Grupp 1 [15850], Stockholms Ishockeyförbund ;;;
2026-12-12;00:00;Lördag;15851182;21;Järfälla HC blå;Sollentuna HC blå;Järfälla Ishall;U11P Grupp 2 [15851], Stockholms Ishockeyförbund ;;;
2026-12-12;00:00;Lördag;15851184;21;Sollentuna HC blå;Lidingö Vikings HC svart;Järfälla Ishall;U11P Grupp 2 [15851], Stockholms Ishockeyförbund ;;;
2026-12-12;00:00;Lördag;15851185;21;SDE HF gul;Sollentuna HC blå;Järfälla Ishall;U11P Grupp 2 [15851], Stockholms Ishockeyförbund ;;;
2026-12-13;08:05;Söndag;15841304;34;IFK Österåker Hockey vit;Sollentuna HC vit;HCL Tech Arena;U12P Grupp 2  [15841], Stockholms Ishockeyförbund ;;;
2026-12-13;08:30;Söndag;15841307;34;IK Göta vit;Sollentuna HC vit;HCL Tech Arena;U12P Grupp 2  [15841], Stockholms Ishockeyförbund ;;;
2026-12-13;08:55;Söndag;15841309;34;Sollentuna HC vit;SDE HF svart;HCL Tech Arena;U12P Grupp 2  [15841], Stockholms Ishockeyförbund ;;;
2026-12-13;11:35;Söndag;15944146;25;SDE HF svart;Sollentuna HC;CYLOQ Annex;U12F Stockholm Gotland [15944], U12F Poolspel Stockholm Hockey Cup ;;;
2026-12-13;12:00;Söndag;15944148;25;Sollentuna HC;Värmdö HC;CYLOQ Annex;U12F Stockholm Gotland [15944], U12F Poolspel Stockholm Hockey Cup ;;;
2026-12-13;12:25;Söndag;15944149;25;Haninge Anchors HC;Sollentuna HC;CYLOQ Annex;U12F Stockholm Gotland [15944], U12F Poolspel Stockholm Hockey Cup ;;;
2026-12-13;00:00;Söndag;15840349;59;Sollentuna HC röd;IFK Täby HC röd;Stricct Travel Arena;U12P Grupp 1  [15840], Stockholms Ishockeyförbund ;;;
2026-12-13;00:00;Söndag;15840351;59;Sollentuna HC röd;Spånga IS IK vit;Stricct Travel Arena;U12P Grupp 1  [15840], Stockholms Ishockeyförbund ;;;
2026-12-13;00:00;Söndag;15840353;59;Sollentuna HC röd;AIK gul;Stricct Travel Arena;U12P Grupp 1  [15840], Stockholms Ishockeyförbund ;;;
2026-12-15;18:40;Tisdag;97032204;34;Sollentuna HC;AIK;CYLOQ Arena;U20 Herr Nationell Norra [97032];;;
2026-12-17;19:30;Torsdag;97032198;33;AIK;Sollentuna HC;Ulriksdals IP Hall 3;U20 Herr Nationell Norra [97032];;;
2026-12-18;19:00;Fredag;90255228;23;Sollentuna HC;Enköpings SK HK;CYLOQ Arena;Hockeyettan Norra [90255];;;
2026-12-20;14:30;Söndag;85210049;10;Sollentuna HC;Järna SK;CYLOQ Arena;DamTvåan Östra [85210], Region Öst ;;;
2026-12-28;19:00;Måndag;90255006;1;Sollentuna HC;Vallentuna Hockey;CYLOQ Arena;Hockeyettan Norra [90255];;;
2026-12-30;19:00;Onsdag;90255196;20;Vallentuna Hockey;Sollentuna HC;Vallentuna Ishall;Hockeyettan Norra [90255];;;
2027-01-05;13:00;Tisdag;97032125;21;IF Björklöven;Sollentuna HC;Visionite Arena ;U20 Herr Nationell Norra [97032];;;
2027-01-06;12:00;Onsdag;97032132;22;MoDo Hockey;Sollentuna HC;Bjästa Ishall;U20 Herr Nationell Norra [97032];;;
2027-01-06;16:00;Onsdag;90255079;8;Sollentuna HC;IF Sundsvall Hockey;CYLOQ Arena;Hockeyettan Norra [90255];;;
2027-01-09;17:15;Lördag;97032053;9;Sollentuna HC;IF Björklöven;CYLOQ Arena;U20 Herr Nationell Norra [97032];;;
2027-01-10;00:00;Söndag;85210052;11;IFK Mariehamn;Sollentuna HC;Islandia Mariehamn;DamTvåan Östra [85210], Region Öst ;;;
2027-01-10;16:00;Söndag;90255038;4;Enköpings SK HK;Sollentuna HC;Bahcohallen;Hockeyettan Norra [90255];;;
2027-01-10;12:10;Söndag;97032060;10;Sollentuna HC;MoDo Hockey;CYLOQ Arena;U20 Herr Nationell Norra [97032];;;
2027-01-12;19:50;Tisdag;85210057;12;Sollentuna HC;Hässelby Kälvesta HC;CYLOQ Arena;DamTvåan Östra [85210], Region Öst ;;;
2027-01-15;19:00;Fredag;90255276;28;Borlänge HF;Sollentuna HC;Borlänge Ishall;Hockeyettan Norra [90255];;;
2027-01-16;17:15;Lördag;97032221;37;Sollentuna HC;Luleå HF;CYLOQ Arena;U20 Herr Nationell Norra [97032];;;
2027-01-16;18:00;Lördag;15975024;6;Haninge Anchors HC 2;Sollentuna Late Bloomers;Torvalla B-hall;RHL Herr Grupp B [15975], Stockholms Ishockeyförbund ;;;
2027-01-16;00:00;Lördag;15850170;29;Sollentuna HC röd;Spånga IS IK blå;Ulriksdals IP Hall 3;U11P Grupp 1 [15850], Stockholms Ishockeyförbund ;;;
2027-01-16;00:00;Lördag;15850171;29;Mälarö Hockeyförening vit;Sollentuna HC röd;Ulriksdals IP Hall 3;U11P Grupp 1 [15850], Stockholms Ishockeyförbund ;;;
2027-01-16;00:00;Lördag;15850174;29;AIK gul;Sollentuna HC röd;Ulriksdals IP Hall 3;U11P Grupp 1 [15850], Stockholms Ishockeyförbund ;;;
2027-01-16;00:00;Lördag;15850176;30;Sollentuna HC vit;AIK svart;CYLOQ Arena;U11P Grupp 1 [15850], Stockholms Ishockeyförbund ;;;
2027-01-16;00:00;Lördag;15850177;30;Järfälla HC vit;Sollentuna HC vit;CYLOQ Arena;U11P Grupp 1 [15850], Stockholms Ishockeyförbund ;;;
2027-01-16;00:00;Lördag;15850180;30;IK Göta svart;Sollentuna HC vit;CYLOQ Arena;U11P Grupp 1 [15850], Stockholms Ishockeyförbund ;;;
2027-01-16;00:00;Lördag;15851212;30;IK Waxholm Blå;Sollentuna HC blå;Tibble Ishall;U11P Grupp 2 [15851], Stockholms Ishockeyförbund ;;;
2027-01-16;00:00;Lördag;15851214;30;Sollentuna HC blå;Spånga IS IK gul;Tibble Ishall;U11P Grupp 2 [15851], Stockholms Ishockeyförbund ;;;
2027-01-16;00:00;Lördag;15851215;30;IFK Täby HC svart;Sollentuna HC blå;Tibble Ishall;U11P Grupp 2 [15851], Stockholms Ishockeyförbund ;;;
2027-01-17;15:45;Söndag;85210063;13;Almtuna IS;Sollentuna HC;Gränby Ishallar A-hall;DamTvåan Östra [85210], Region Öst ;;;
2027-01-17;16:00;Söndag;90255207;21;Sollentuna HC;Surahammars IF;CYLOQ Arena;Hockeyettan Norra [90255];;;
2027-01-17;12:10;Söndag;97032227;38;Sollentuna HC;Skellefteå AIK;CYLOQ Arena;U20 Herr Nationell Norra [97032];;;
2027-01-17;00:00;Söndag;15944200;34;Sollentuna HC;Hammarby IF;Vilundaparkens Ishall A;U12F Stockholm Gotland [15944], U12F Poolspel Stockholm Hockey Cup ;;;
2027-01-17;00:00;Söndag;15944201;34;Huddinge IK vit;Sollentuna HC;Vilundaparkens Ishall A;U12F Stockholm Gotland [15944], U12F Poolspel Stockholm Hockey Cup ;;;
2027-01-17;00:00;Söndag;15944204;34;Väsby IK HK grön;Sollentuna HC;Vilundaparkens Ishall A;U12F Stockholm Gotland [15944], U12F Poolspel Stockholm Hockey Cup ;;;
2027-01-22;19:30;Fredag;85210070;14;Sollentuna HC;Väsby IK HK;CYLOQ Arena;DamTvåan Östra [85210], Region Öst ;;;
2027-01-22;19:00;Fredag;90255159;16;Piteå HC;Sollentuna HC;Isstadion LF Arena;Hockeyettan Norra [90255];;;
2027-01-23;09:00;Lördag;15944242;41;Huddinge IK vit;Sollentuna HC;Björkängshallen;U12F Stockholm Gotland [15944], U12F Poolspel Stockholm Hockey Cup ;;;
2027-01-23;09:25;Lördag;15944244;41;Sollentuna HC;Brinkens IF;Björkängshallen;U12F Stockholm Gotland [15944], U12F Poolspel Stockholm Hockey Cup ;;;
2027-01-23;09:50;Lördag;15944245;41;Boo HC;Sollentuna HC;Björkängshallen;U12F Stockholm Gotland [15944], U12F Poolspel Stockholm Hockey Cup ;;;
2027-01-23;15:30;Lördag;97032149;25;Luleå HF;Sollentuna HC;Lulebohallen;U20 Herr Nationell Norra [97032];;;
2027-01-23;16:00;Lördag;90255336;34;Asplöven Haparanda Hockey Förening;Sollentuna HC;Norra Finans Arena;Hockeyettan Norra [90255];;;
2027-01-24;09:30;Söndag;15841353;39;IFK Österåker Hockey vit;Sollentuna HC vit;Ulriksdals IP Hall 3;U12P Grupp 2  [15841], Stockholms Ishockeyförbund ;;;
2027-01-24;09:55;Söndag;15841355;39;Sollentuna HC vit;AIK vit;Ulriksdals IP Hall 3;U12P Grupp 2  [15841], Stockholms Ishockeyförbund ;;;
2027-01-24;10:20;Söndag;15841356;39;Lidingö Vikings HC blå;Sollentuna HC vit;Ulriksdals IP Hall 3;U12P Grupp 2  [15841], Stockholms Ishockeyförbund ;;;
2027-01-24;13:30;Söndag;15840002;1;Mälarö Hockeyförening vit;Sollentuna HC röd;Vikingahallen;U12P Grupp 1  [15840], Stockholms Ishockeyförbund ;;;
2027-01-24;14:00;Söndag;15840004;1;Sollentuna HC röd;Solna SK vit;Vikingahallen;U12P Grupp 1  [15840], Stockholms Ishockeyförbund ;;;
2027-01-24;14:30;Söndag;15840005;1;Brinkens IF vit;Sollentuna HC röd;Vikingahallen;U12P Grupp 1  [15840], Stockholms Ishockeyförbund ;;;
2027-01-24;12:00;Söndag;97032155;26;Skellefteå AIK;Sollentuna HC;Skellefteå Kraft Arena;U20 Herr Nationell Norra [97032];;;
2027-01-24;14:00;Söndag;90255325;33;Bodens HF;Sollentuna HC;HIVE Arena;Hockeyettan Norra [90255];;;
2027-01-24;00:00;Söndag;15840020;4;Mälarö Hockeyförening grön;Sollentuna HC blå;Vilundaparkens Ishall A;U12P Grupp 1  [15840], Stockholms Ishockeyförbund ;;;
2027-01-24;00:00;Söndag;15840022;4;Sollentuna HC blå;Spånga IS IK blå;Vilundaparkens Ishall A;U12P Grupp 1  [15840], Stockholms Ishockeyförbund ;;;
2027-01-24;00:00;Söndag;15840023;4;Väsby IK HK vit;Sollentuna HC blå;Vilundaparkens Ishall A;U12P Grupp 1  [15840], Stockholms Ishockeyförbund ;;;
2027-01-27;19:00;Onsdag;90255236;24;Sollentuna HC;Lindlövens IF;CYLOQ Arena;Hockeyettan Norra [90255];;;
2027-01-29;19:00;Fredag;90255046;5;Lindlövens IF;Sollentuna HC;Lindehov;Hockeyettan Norra [90255];;;
2027-01-30;16:00;Lördag;97032186;31;MoDo Hockey;Sollentuna HC;Hägglunds Arena ;U20 Herr Nationell Norra [97032];;;
2027-01-31;12:00;Söndag;97032191;32;IF Björklöven;Sollentuna HC;Visionite Arena ;U20 Herr Nationell Norra [97032];;;
2027-01-31;14:30;Söndag;85210074;15;Tullinge TP HC;Sollentuna HC;Ica Riksten Arena;DamTvåan Östra [85210], Region Öst ;;;
2027-02-05;19:30;Fredag;85210079;16;Sollentuna HC;Kallhälls IF;CYLOQ Arena;DamTvåan Östra [85210], Region Öst ;;;
2027-02-06;12:00;Lördag;97032234;39;Brynäs IF;Sollentuna HC;Monitor ERP Arena (B);U20 Herr Nationell Norra [97032];;;
2027-02-06;16:00;Lördag;90255091;10;Sollentuna HC;Kiruna IF;CYLOQ Arena;Hockeyettan Norra [90255];;;
2027-02-06;00:00;Lördag;15850182;31;Sollentuna HC vit;Spånga IS IK vit;Vilundaparkens Ishall A;U11P Grupp 1 [15850], Stockholms Ishockeyförbund ;;;
2027-02-06;00:00;Lördag;15850183;31;Väsby IK HK vit;Sollentuna HC vit;Vilundaparkens Ishall A;U11P Grupp 1 [15850], Stockholms Ishockeyförbund ;;;
2027-02-06;00:00;Lördag;15850186;31;IK Göta svart;Sollentuna HC vit;Vilundaparkens Ishall A;U11P Grupp 1 [15850], Stockholms Ishockeyförbund ;;;
2027-02-06;00:00;Lördag;15850206;35;Järfälla HC röd;Sollentuna HC röd;CYLOQ Arena;U11P Grupp 1 [15850], Stockholms Ishockeyförbund ;;;
2027-02-06;00:00;Lördag;15850208;35;Sollentuna HC röd;Spånga IS IK blå;CYLOQ Arena;U11P Grupp 1 [15850], Stockholms Ishockeyförbund ;;;
2027-02-06;00:00;Lördag;15850209;35;Mälarö Hockeyförening vit;Sollentuna HC röd;CYLOQ Arena;U11P Grupp 1 [15850], Stockholms Ishockeyförbund ;;;
2027-02-06;00:00;Lördag;15851236;34;Viggbyholms IK vit;Sollentuna HC blå;Exakt Arena;U11P Grupp 2 [15851], Stockholms Ishockeyförbund ;;;
2027-02-06;00:00;Lördag;15851238;34;Sollentuna HC blå;Spånga IS IK svart;Exakt Arena;U11P Grupp 2 [15851], Stockholms Ishockeyförbund ;;;
2027-02-06;00:00;Lördag;15851239;34;Lidingö Vikings HC vit;Sollentuna HC blå;Exakt Arena;U11P Grupp 2 [15851], Stockholms Ishockeyförbund ;;;
2027-02-07;11:00;Söndag;97032239;40;Timrå IK;Sollentuna HC;SCA Arena;U20 Herr Nationell Norra [97032];;;
2027-02-07;14:00;Söndag;90255101;11;Sollentuna HC;Kalix HC;CYLOQ Arena;Hockeyettan Norra [90255];;;
2027-02-07;21:00;Söndag;15975027;7;Sollentuna Late Bloomers;IFK Tumba IK;CYLOQ Arena;RHL Herr Grupp B [15975], Stockholms Ishockeyförbund ;;;
2027-02-07;00:00;Söndag;15840031;6;Sollentuna HC röd;AIK svart;Stricct Travel Arena;U12P Grupp 1  [15840], Stockholms Ishockeyförbund ;;;
2027-02-07;00:00;Söndag;15840033;6;Sollentuna HC röd;Spånga IS IK vit;Stricct Travel Arena;U12P Grupp 1  [15840], Stockholms Ishockeyförbund ;;;
2027-02-07;00:00;Söndag;15840035;6;Sollentuna HC röd;Solna SK orange;Stricct Travel Arena;U12P Grupp 1  [15840], Stockholms Ishockeyförbund ;;;
2027-02-07;00:00;Söndag;15840038;7;Järfälla HC vit;Sollentuna HC blå;Lejonhallen;U12P Grupp 1  [15840], Stockholms Ishockeyförbund ;;;
2027-02-07;00:00;Söndag;15840040;7;Sollentuna HC blå;AIK gul;Lejonhallen;U12P Grupp 1  [15840], Stockholms Ishockeyförbund ;;;
2027-02-07;00:00;Söndag;15840041;7;Brinkens IF röd;Sollentuna HC blå;Lejonhallen;U12P Grupp 1  [15840], Stockholms Ishockeyförbund ;;;
2027-02-07;00:00;Söndag;15841396;47;SDE HF vit;Sollentuna HC vit;CYLOQ Arena;U12P Grupp 2  [15841], Stockholms Ishockeyförbund ;;;
2027-02-07;00:00;Söndag;15841398;47;Sollentuna HC vit;Mälarö Hockeyförening blå;CYLOQ Arena;U12P Grupp 2  [15841], Stockholms Ishockeyförbund ;;;
2027-02-07;00:00;Söndag;15841399;47;Lidingö Vikings HC blå;Sollentuna HC vit;CYLOQ Arena;U12P Grupp 2  [15841], Stockholms Ishockeyförbund ;;;
2027-02-12;19:00;Fredag;90255247;25;Järfälla HC;Sollentuna HC;Järfälla Ishall;Hockeyettan Norra [90255];;;
2027-02-13;12:10;Lördag;15851253;37;IFK Österåker Hockey vit;Sollentuna HC blå;Österåker Sportcentrum;U11P Grupp 2 [15851], Stockholms Ishockeyförbund ;;;
2027-02-13;12:30;Lördag;15851256;37;Järfälla HC gul;Sollentuna HC blå;Österåker Sportcentrum;U11P Grupp 2 [15851], Stockholms Ishockeyförbund ;;;
2027-02-13;12:50;Lördag;15851258;37;Sollentuna HC blå;SDE HF blå;Österåker Sportcentrum;U11P Grupp 2 [15851], Stockholms Ishockeyförbund ;;;
2027-02-13;16:40;Lördag;85210083;17;Sundbybergs IK;Sollentuna HC;Tulehallen;DamTvåan Östra [85210], Region Öst ;;;
2027-02-13;00:00;Lördag;15850224;38;Sollentuna HC vit;Vallentuna Hockey gul;Reliable Arena ;U11P Grupp 1 [15850], Stockholms Ishockeyförbund ;;;
2027-02-13;00:00;Lördag;15850225;38;Hässelby Kälvesta HC vit;Sollentuna HC vit;Reliable Arena ;U11P Grupp 1 [15850], Stockholms Ishockeyförbund ;;;
2027-02-13;00:00;Lördag;15850228;38;Solna SK orange;Sollentuna HC vit;Reliable Arena ;U11P Grupp 1 [15850], Stockholms Ishockeyförbund ;;;
2027-02-13;00:00;Lördag;15850236;40;Sollentuna HC röd;Spånga IS IK blå;Vilundaparkens Ishall A;U11P Grupp 1 [15850], Stockholms Ishockeyförbund ;;;
2027-02-13;00:00;Lördag;15850237;40;Väsby IK HK vit;Sollentuna HC röd;Vilundaparkens Ishall A;U11P Grupp 1 [15850], Stockholms Ishockeyförbund ;;;
2027-02-13;00:00;Lördag;15850240;40;Solna SK vit;Sollentuna HC röd;Vilundaparkens Ishall A;U11P Grupp 1 [15850], Stockholms Ishockeyförbund ;;;
2027-02-14;09:35;Söndag;15840080;14;Sollentuna HC blå;Solna SK vit;CYLOQ Annex;U12P Grupp 1  [15840], Stockholms Ishockeyförbund ;;;
2027-02-14;10:00;Söndag;15840081;14;Brinkens IF röd;Sollentuna HC blå;CYLOQ Annex;U12P Grupp 1  [15840], Stockholms Ishockeyförbund ;;;
2027-02-14;10:25;Söndag;15840084;14;Lidingö Vikings HC röd;Sollentuna HC blå;CYLOQ Annex;U12P Grupp 1  [15840], Stockholms Ishockeyförbund ;;;
2027-02-14;12:15;Söndag;15944260;44;Hässelby Kälvesta HC;Sollentuna HC;Björknäs B;U12F Stockholm Gotland [15944], U12F Poolspel Stockholm Hockey Cup ;;;
2027-02-14;12:40;Söndag;15944262;44;Sollentuna HC;Väsby IK HK vit;Björknäs B;U12F Stockholm Gotland [15944], U12F Poolspel Stockholm Hockey Cup ;;;
2027-02-14;13:05;Söndag;15944263;44;Boo HC;Sollentuna HC;Björknäs B;U12F Stockholm Gotland [15944], U12F Poolspel Stockholm Hockey Cup ;;;
2027-02-14;00:00;Söndag;15840086;15;Mälarö Hockeyförening vit;Sollentuna HC röd;Lejonhallen;U12P Grupp 1  [15840], Stockholms Ishockeyförbund ;;;
2027-02-14;00:00;Söndag;15840088;15;Sollentuna HC röd;AIK svart;Lejonhallen;U12P Grupp 1  [15840], Stockholms Ishockeyförbund ;;;
2027-02-14;00:00;Söndag;15840089;15;Brinkens IF vit;Sollentuna HC röd;Lejonhallen;U12P Grupp 1  [15840], Stockholms Ishockeyförbund ;;;
2027-02-14;00:00;Söndag;15841402;49;Lidingö Vikings HC vit;Sollentuna HC vit;Exakt Arena;U12P Grupp 2  [15841], Stockholms Ishockeyförbund ;;;
2027-02-14;00:00;Söndag;15841405;49;IFK Täby HC svart;Sollentuna HC vit;Exakt Arena;U12P Grupp 2  [15841], Stockholms Ishockeyförbund ;;;
2027-02-14;00:00;Söndag;15841407;49;Sollentuna HC vit;IFK Österåker Hockey blå;Exakt Arena;U12P Grupp 2  [15841], Stockholms Ishockeyförbund ;;;
2027-02-17;19:00;Onsdag;90255170;17;Örnsköldsvik HF;Sollentuna HC;Skyttishallen;Hockeyettan Norra [90255];;;
2027-02-19;19:30;Fredag;85210089;18;Sollentuna HC;SHK Hockey Club;CYLOQ Arena;DamTvåan Östra [85210], Region Öst ;;;
2027-02-20;12:40;Lördag;97032245;41;Sollentuna HC;Mora IK;CYLOQ Arena;U20 Herr Nationell Norra [97032];;;
2027-02-21;14:30;Söndag;15841448;57;IK Göta röd;Sollentuna HC vit;CYLOQ Annex;U12P Grupp 2  [15841], Stockholms Ishockeyförbund ;;;
2027-02-21;14:55;Söndag;15841450;57;Sollentuna HC vit;IFK Österåker Hockey vit;CYLOQ Annex;U12P Grupp 2  [15841], Stockholms Ishockeyförbund ;;;
2027-02-21;16:00;Söndag;90255069;7;Hudiksvalls HC;Sollentuna HC;Holmen Center;Hockeyettan Norra [90255];;;
2027-02-21;21:00;Söndag;15975032;8;Sollentuna Late Bloomers;FOC Farsta IF;CYLOQ Arena;RHL Herr Grupp B [15975], Stockholms Ishockeyförbund ;;;
2027-02-21;12:10;Söndag;97032251;42;Sollentuna HC;Leksands IF;CYLOQ Arena;U20 Herr Nationell Norra [97032];;;
2027-02-21;00:00;Söndag;15840098;17;Järfälla HC röd;Sollentuna HC blå;Järfälla Ishall;U12P Grupp 1  [15840], Stockholms Ishockeyförbund ;;;
2027-02-21;00:00;Söndag;15840100;17;Sollentuna HC blå;Spånga IS IK blå;Järfälla Ishall;U12P Grupp 1  [15840], Stockholms Ishockeyförbund ;;;
2027-02-21;00:00;Söndag;15840101;17;Mälarö Hockeyförening grön;Sollentuna HC blå;Järfälla Ishall;U12P Grupp 1  [15840], Stockholms Ishockeyförbund ;;;
2027-02-21;00:00;Söndag;15840116;20;Sollentuna HC röd;Spånga IS IK vit;Stricct Travel Arena;U12P Grupp 1  [15840], Stockholms Ishockeyförbund ;;;
2027-02-21;00:00;Söndag;15840117;20;Mälarö Hockeyförening vit;Sollentuna HC röd;Stricct Travel Arena;U12P Grupp 1  [15840], Stockholms Ishockeyförbund ;;;
2027-02-21;00:00;Söndag;15840120;20;Vallentuna Hockey röd;Sollentuna HC röd;Stricct Travel Arena;U12P Grupp 1  [15840], Stockholms Ishockeyförbund ;;;
2027-02-21;00:00;Söndag;15841445;57;Brinkens IF svart;Sollentuna HC vit;CYLOQ Arena;U12P Grupp 2  [15841], Stockholms Ishockeyförbund ;;;
2027-02-24;19:00;Onsdag;90255175;18;Sollentuna HC;Norrtälje IK;CYLOQ Arena;Hockeyettan Norra [90255];;;
2027-02-26;19:00;Fredag;97032258;43;Sollentuna HC;MoDo Hockey;CYLOQ Arena;U20 Herr Nationell Norra [97032];;;
2027-02-27;12:40;Lördag;97032263;44;Sollentuna HC;IF Björklöven;CYLOQ Arena;U20 Herr Nationell Norra [97032];;;
2027-02-28;14:00;Söndag;90255186;19;Sollentuna HC;Strömsbro IF;CYLOQ Arena;Hockeyettan Norra [90255];;;
2027-03-13;00:00;Lördag;15975033;9;Spånga Padres;Sollentuna Late Bloomers;Stricct Travel Arena;RHL Herr Grupp B [15975], Stockholms Ishockeyförbund ;;;
2027-03-13;12:35;Lördag;15944295;50;Djurgårdens IF blå;Sollentuna HC;CYLOQ Annex;U12F Stockholm Gotland [15944], U12F Poolspel Stockholm Hockey Cup ;;;
2027-03-13;13:00;Lördag;15944298;50;Tyresö Hanviken Hockey;Sollentuna HC;CYLOQ Annex;U12F Stockholm Gotland [15944], U12F Poolspel Stockholm Hockey Cup ;;;
2027-03-13;13:25;Lördag;15944300;50;Sollentuna HC;Haninge Anchors HC;CYLOQ Annex;U12F Stockholm Gotland [15944], U12F Poolspel Stockholm Hockey Cup ;;;
2027-03-13;15:30;Lördag;15851302;45;SDE HF gul;Sollentuna HC blå;Enebybergs Ishall;U11P Grupp 2 [15851], Stockholms Ishockeyförbund ;;;
2027-03-13;15:55;Lördag;15851304;45;Sollentuna HC blå;Spånga IS IK gul;Enebybergs Ishall;U11P Grupp 2 [15851], Stockholms Ishockeyförbund ;;;
2027-03-13;16:20;Lördag;15851305;45;IFK Österåker Hockey blå;Sollentuna HC blå;Enebybergs Ishall;U11P Grupp 2 [15851], Stockholms Ishockeyförbund ;;;
2027-03-13;00:00;Lördag;15850241;41;Sollentuna HC röd;Solna SK orange;Ulriksdals IP Hall 3;U11P Grupp 1 [15850], Stockholms Ishockeyförbund ;;;
2027-03-13;00:00;Lördag;15850243;41;Sollentuna HC röd;Vallentuna Hockey blå;Ulriksdals IP Hall 3;U11P Grupp 1 [15850], Stockholms Ishockeyförbund ;;;
2027-03-13;00:00;Lördag;15850245;41;Sollentuna HC röd;AIK svart;Ulriksdals IP Hall 3;U11P Grupp 1 [15850], Stockholms Ishockeyförbund ;;;
2027-03-13;00:00;Lördag;15850265;45;Mälarö Hockeyförening vit;Sollentuna HC vit;Reliable Arena ;U11P Grupp 1 [15850], Stockholms Ishockeyförbund ;;;
2027-03-13;00:00;Lördag;15850268;45;Hässelby Kälvesta HC svart;Sollentuna HC vit;Reliable Arena ;U11P Grupp 1 [15850], Stockholms Ishockeyförbund ;;;
2027-03-13;00:00;Lördag;15850270;45;Sollentuna HC vit;Järfälla HC vit;Reliable Arena ;U11P Grupp 1 [15850], Stockholms Ishockeyförbund ;;;
2027-03-14;14:05;Söndag;15840140;24;Sollentuna HC blå;Solna SK orange;CYLOQ Annex;U12P Grupp 1  [15840], Stockholms Ishockeyförbund ;;;
2027-03-14;14:30;Söndag;15840141;24;Mälarö Hockeyförening grön;Sollentuna HC blå;CYLOQ Annex;U12P Grupp 1  [15840], Stockholms Ishockeyförbund ;;;
2027-03-14;14:55;Söndag;15840144;24;Vallentuna Hockey röd;Sollentuna HC blå;CYLOQ Annex;U12P Grupp 1  [15840], Stockholms Ishockeyförbund ;;;
2027-03-14;00:00;Söndag;15840134;23;Järfälla HC vit;Sollentuna HC röd;Järfälla Ishall;U12P Grupp 1  [15840], Stockholms Ishockeyförbund ;;;
2027-03-14;00:00;Söndag;15840136;23;Sollentuna HC röd;AIK svart;Järfälla Ishall;U12P Grupp 1  [15840], Stockholms Ishockeyförbund ;;;
2027-03-14;00:00;Söndag;15840137;23;Brinkens IF röd;Sollentuna HC röd;Järfälla Ishall;U12P Grupp 1  [15840], Stockholms Ishockeyförbund ;;;
2027-03-14;00:00;Söndag;15841488;65;IFK Österåker Hockey vit;Sollentuna HC vit;Hägernäs Ishall;U12P Grupp 2  [15841], Stockholms Ishockeyförbund ;;;
2027-03-14;00:00;Söndag;15841491;65;Järfälla HC blå;Sollentuna HC vit;Hägernäs Ishall;U12P Grupp 2  [15841], Stockholms Ishockeyförbund ;;;
2027-03-14;00:00;Söndag;15841493;65;Sollentuna HC vit;Viggbyholms IK vit;Hägernäs Ishall;U12P Grupp 2  [15841], Stockholms Ishockeyförbund ;;;
2027-03-20;12:35;Lördag;15841503;69;IK Göta vit;Sollentuna HC vit;CYLOQ Annex;U12P Grupp 2  [15841], Stockholms Ishockeyförbund ;;;
2027-03-20;13:00;Lördag;15841505;69;Sollentuna HC vit;AIK vit;CYLOQ Annex;U12P Grupp 2  [15841], Stockholms Ishockeyförbund ;;;
2027-03-20;13:25;Lördag;15841506;69;IFK Österåker Hockey vit;Sollentuna HC vit;CYLOQ Annex;U12P Grupp 2  [15841], Stockholms Ishockeyförbund ;;;
2027-03-20;14:05;Lördag;15850296;50;Sollentuna HC vit;AIK svart;HCL Tech Arena;U11P Grupp 1 [15850], Stockholms Ishockeyförbund ;;;
2027-03-20;14:30;Lördag;15850297;50;Väsby IK HK grön;Sollentuna HC vit;HCL Tech Arena;U11P Grupp 1 [15850], Stockholms Ishockeyförbund ;;;
2027-03-20;14:55;Lördag;15850300;50;IK Göta  blå;Sollentuna HC vit;HCL Tech Arena;U11P Grupp 1 [15850], Stockholms Ishockeyförbund ;;;
2027-03-20;00:00;Lördag;15850284;48;Sollentuna HC röd;Spånga IS IK vit;Vilundaparkens Ishall A;U11P Grupp 1 [15850], Stockholms Ishockeyförbund ;;;
2027-03-20;00:00;Lördag;15850285;48;Väsby IK HK vit;Sollentuna HC röd;Vilundaparkens Ishall A;U11P Grupp 1 [15850], Stockholms Ishockeyförbund ;;;
2027-03-20;00:00;Lördag;15850288;48;Solna SK vit;Sollentuna HC röd;Vilundaparkens Ishall A;U11P Grupp 1 [15850], Stockholms Ishockeyförbund ;;;
2027-03-20;00:00;Lördag;15851313;47;Brinkens IF röd;Sollentuna HC blå;Lejonhallen;U11P Grupp 2 [15851], Stockholms Ishockeyförbund ;;;
2027-03-20;00:00;Lördag;15851316;47;Järfälla HC blå;Sollentuna HC blå;Lejonhallen;U11P Grupp 2 [15851], Stockholms Ishockeyförbund ;;;
2027-03-20;00:00;Lördag;15851318;47;Sollentuna HC blå;IFK Täby HC svart;Lejonhallen;U11P Grupp 2 [15851], Stockholms Ishockeyförbund ;;;
2027-03-21;21:00;Söndag;15975038;10;Sollentuna Late Bloomers;MB Hockey 2;CYLOQ Arena;RHL Herr Grupp B [15975], Stockholms Ishockeyförbund ;;;
2027-03-21;00:00;Söndag;15840164;28;Brinkens IF vit;Sollentuna HC röd;Ulriksdals IP Hall 2;U12P Grupp 1  [15840], Stockholms Ishockeyförbund ;;;
2027-03-21;00:00;Söndag;15840166;28;Sollentuna HC röd;Solna SK orange;Ulriksdals IP Hall 2;U12P Grupp 1  [15840], Stockholms Ishockeyförbund ;;;
2027-03-21;00:00;Söndag;15840167;28;Väsby IK HK grön;Sollentuna HC röd;Ulriksdals IP Hall 2;U12P Grupp 1  [15840], Stockholms Ishockeyförbund ;;;
2027-03-21;00:00;Söndag;15840176;30;Mälarö Hockeyförening vit;Sollentuna HC blå;Lejonhallen;U12P Grupp 1  [15840], Stockholms Ishockeyförbund ;;;
2027-03-21;00:00;Söndag;15840178;30;Sollentuna HC blå;AIK gul;Lejonhallen;U12P Grupp 1  [15840], Stockholms Ishockeyförbund ;;;
2027-03-21;00:00;Söndag;15840179;30;Brinkens IF röd;Sollentuna HC blå;Lejonhallen;U12P Grupp 1  [15840], Stockholms Ishockeyförbund ;;;
2027-03-21;00:00;Söndag;15944350;59;SDE HF vit;Sollentuna HC;Stricct Travel Arena;U12F Stockholm Gotland [15944], U12F Poolspel Stockholm Hockey Cup ;;;
2027-03-21;00:00;Söndag;15944352;59;Sollentuna HC;Spånga IS IK;Stricct Travel Arena;U12F Stockholm Gotland [15944], U12F Poolspel Stockholm Hockey Cup ;;;
2027-03-21;00:00;Söndag;15944353;59;Huddinge IK vit;Sollentuna HC;Stricct Travel Arena;U12F Stockholm Gotland [15944], U12F Poolspel Stockholm Hockey Cup ;;;
